Observed Length (m),Observed Weight (kg),Age Class,Sex,Country/Region,Habitat Type,Conservation Status,Continent
1.9,62.0,Adult,Male,Belize,Swamps,Least Concern,Central America
4.09,334.5,Adult,Male,Venezuela,Mangroves,Vulnerable,South America
1.08,118.2,Juvenile,Female,Venezuela,Flooded Savannas,Critically Endangered,South America
2.42,90.4,Adult,Male,Mexico,Rivers,Least Concern,North America
3.75,269.4,Adult,Female,India,Rivers,Vulnerable,South Asia
2.64,137.4,Adult,Male,India,Reservoirs,Vulnerable,South Asia
2.85,157.7,Subadult,Male,Thailand,Slow Rivers,Critically Endangered,Southeast Asia
0.35,4.7,Juvenile,Male,Central African Republic,Forest Swamps,Data Deficient,Central Africa
3.05,201.2,Adult,Male,Sudan,Lakes,Least Concern,East Africa
3.39,197.2,Adult,Male,Mexico,Lagoons,Least Concern,North America
1.22,15.8,Adult,Male,Liberia,Small Streams,Vulnerable,West Africa
1.84,60.7,Adult,Male,Belize,Lagoons,Least Concern,Central America
2.63,121.3,Subadult,Male,Cambodia,Slow Rivers,Critically Endangered,Southeast Asia
3.65,217.7,Adult,Male,Mexico,Mangroves,Vulnerable,North America
1.32,19.2,Adult,Female,Côte d'Ivoire,Small Streams,Vulnerable,Other
2.0,67.9,Adult,Female,Mexico,Rivers,Least Concern,North America
1.98,61.5,Juvenile,Female,Mexico,Lagoons,Least Concern,North America
4.37,565.0,Adult,Female,Sudan,Reservoirs,Least Concern,East Africa
1.07,31.1,Juvenile,Female,Indonesia (Borneo),Estuarine Systems,Data Deficient,Southeast Asia
1.55,350.9,Juvenile,Male,Philippines,Estuaries,Least Concern,Southeast Asia
2.52,89.6,Subadult,Male,Malaysia (Borneo),Estuarine Systems,Data Deficient,Southeast Asia
4.65,759.8,Adult,Male,Tanzania,Lakes,Least Concern,East Africa
1.77,36.0,Adult,Male,Congo (DRC),Forest Swamps,Data Deficient,Central Africa
2.44,107.9,Subadult,Male,Cuba,Swamps,Critically Endangered,Caribbean
3.18,342.1,Juvenile,Male,Kenya,Marshes,Least Concern,East Africa
0.34,42.4,Hatchling,Male,Cuba,Swamps,Critically Endangered,Caribbean
3.39,174.9,Adult,Female,Pakistan,Rivers,Vulnerable,South Asia
3.94,367.9,Subadult,Male,Venezuela,Flooded Savannas,Critically Endangered,South America
3.22,196.6,Adult,Female,Cambodia,Slow Rivers,Critically Endangered,Southeast Asia
4.71,576.6,Adult,Female,Venezuela,Flooded Savannas,Critically Endangered,South America
2.04,80.2,Adult,Female,Thailand,Swamps,Critically Endangered,Southeast Asia
4.11,324.4,Adult,Female,USA (Florida),Mangroves,Vulnerable,North America
2.42,85.6,Adult,Female,Cuba,Swamps,Critically Endangered,Caribbean
1.01,28.9,Juvenile,Female,Philippines,Rivers,Critically Endangered,Southeast Asia
0.76,36.7,Juvenile,Female,Papua New Guinea,Swamps,Least Concern,Oceania
2.26,84.2,Adult,Male,Philippines,Freshwater Marshes,Critically Endangered,Southeast Asia
1.48,21.9,Adult,Female,Côte d'Ivoire,Small Streams,Vulnerable,Other
2.96,182.7,Adult,Male,Liberia,Swamps,Critically Endangered,West Africa
1.05,24.0,Juvenile,Female,Australia,Freshwater Rivers,Least Concern,Oceania
2.72,150.3,Subadult,Female,Senegal,Oases,Least Concern,West Africa
3.25,195.6,Adult,Male,Pakistan,Rivers,Vulnerable,South Asia
3.57,387.4,Subadult,Female,South Africa,Marshes,Least Concern,Southern Africa
0.29,33.2,Hatchling,Male,Thailand,Slow Rivers,Critically Endangered,Southeast Asia
2.33,74.0,Adult,Female,Mexico,Swamps,Least Concern,North America
2.5,90.6,Adult,Male,Guatemala,Lagoons,Least Concern,Central America
2.52,104.1,Adult,Male,Guatemala,Rivers,Least Concern,Central America
3.04,155.0,Adult,Male,Colombia,Estuaries,Vulnerable,South America
3.4,316.6,Subadult,Female,Venezuela,Large Rivers,Critically Endangered,South America
2.43,96.9,Adult,Male,Sierra Leone,Swamps,Critically Endangered,West Africa
2.51,87.4,Subadult,Female,Indonesia (Papua),Swamps,Least Concern,Southeast Asia
3.57,229.3,Adult,Female,USA (Florida),Mangroves,Vulnerable,North America
2.96,149.9,Adult,Male,Sierra Leone,Shaded Forest Rivers,Critically Endangered,West Africa
0.96,31.8,Juvenile,Male,Thailand,Swamps,Critically Endangered,Southeast Asia
5.83,953.9,Adult,Male,Papua New Guinea,Coastal Wetlands,Least Concern,Oceania
2.97,120.1,Subadult,Female,Papua New Guinea,Rivers,Least Concern,Oceania
1.77,71.7,Juvenile,Female,Guinea,Shaded Forest Rivers,Critically Endangered,West Africa
0.43,93.9,Hatchling,Female,Venezuela,Flooded Savannas,Critically Endangered,South America
2.05,70.8,Juvenile,Male,Malaysia (Borneo),Estuarine Systems,Data Deficient,Southeast Asia
2.26,91.6,Subadult,Male,Nigeria,Shaded Forest Rivers,Critically Endangered,West Africa
5.43,818.2,Adult,Male,Indonesia,Coastal Wetlands,Least Concern,Southeast Asia
3.04,133.9,Adult,Female,Indonesia (Papua),Lakes,Least Concern,Southeast Asia
2.56,136.2,Adult,Female,Vietnam,Slow Rivers,Critically Endangered,Southeast Asia
1.18,12.5,Adult,Female,Cameroon,Small Streams,Vulnerable,Central Africa
3.78,383.2,Adult,Male,Kenya,Lakes,Least Concern,East Africa
1.93,46.7,Adult,Female,Australia,Freshwater Rivers,Least Concern,Oceania
2.56,106.5,Adult,Male,Malaysia (Borneo),Estuarine Systems,Data Deficient,Southeast Asia
1.25,19.3,Subadult,Female,Congo (DRC),Slow Streams,Data Deficient,Central Africa
2.23,81.8,Adult,Female,Cuba,Swamps,Critically Endangered,Caribbean
3.66,262.6,Adult,Female,Venezuela,Brackish Rivers,Vulnerable,South America
1.85,67.3,Subadult,Male,Cameroon,Swamps,Endangered,Central Africa
4.9,629.7,Subadult,Male,Philippines,Coastal Wetlands,Least Concern,Southeast Asia
1.2,38.0,Juvenile,Female,Congo Basin Countries,Swamps,Endangered,Central Africa
2.9,165.4,Adult,Female,Nigeria,Swamps,Critically Endangered,West Africa
4.34,596.2,Subadult,Female,Egypt,Lakes,Least Concern,Northern Africa
2.63,107.9,Adult,Female,Cuba,Swamps,Critically Endangered,Caribbean
2.54,103.3,Adult,Male,Malaysia (Borneo),Estuarine Systems,Data Deficient,Southeast Asia
2.15,75.1,Adult,Female,Guatemala,Rivers,Least Concern,Central America
2.13,86.4,Adult,Female,Mali,Oases,Least Concern,West Africa
1.69,63.7,Juvenile,Female,Gabon,Forest Rivers,Endangered,Central Africa
5.07,791.7,Adult,Female,Malaysia,Mangroves,Least Concern,Southeast Asia
1.1,41.1,Juvenile,Female,Guatemala,Rivers,Least Concern,Central America
3.02,180.7,Adult,Male,Niger,Rivers,Least Concern,West Africa
1.6,47.0,Subadult,Male,Philippines,Freshwater Marshes,Critically Endangered,Southeast Asia
1.25,36.3,Juvenile,Male,Vietnam,Swamps,Critically Endangered,Southeast Asia
2.31,90.9,Adult,Female,Guatemala,Swamps,Least Concern,Central America
0.79,34.2,Juvenile,Male,Congo Basin Countries,Swamps,Endangered,Central Africa
1.23,13.1,Adult,Male,Sierra Leone,Small Streams,Vulnerable,West Africa
2.82,159.3,Subadult,Female,Pakistan,Lakes,Vulnerable,South Asia
2.76,152.5,Adult,Male,Costa Rica,Coastal Lagoons,Vulnerable,Central America
2.45,75.8,Subadult,Female,Papua New Guinea,Rivers,Least Concern,Oceania
2.51,102.4,Subadult,Male,Guatemala,Lagoons,Least Concern,Central America
3.32,309.5,Subadult,Female,Kenya,Lakes,Least Concern,East Africa
3.88,273.6,Adult,Male,Mexico,Coastal Lagoons,Vulnerable,North America
1.96,133.2,Juvenile,Male,Colombia,Flooded Savannas,Critically Endangered,South America
1.21,54.8,Juvenile,Male,Pakistan,Rivers,Vulnerable,South Asia
2.7,131.1,Subadult,Female,Mali,Lakes,Least Concern,West Africa
3.08,188.3,Adult,Female,Chad,Rivers,Least Concern,Central Africa
2.4,91.7,Subadult,Male,Indonesia (Borneo),Estuarine Systems,Data Deficient,Southeast Asia
2.71,125.3,Adult,Male,Cuba,Swamps,Critically Endangered,Caribbean
2.21,64.9,Subadult,Male,Indonesia (Papua),Swamps,Least Concern,Southeast Asia
4.86,760.5,Adult,Male,Papua New Guinea,Estuaries,Least Concern,Oceania
2.27,76.7,Adult,Male,Philippines,Freshwater Marshes,Critically Endangered,Southeast Asia
2.58,109.7,Adult,Female,Liberia,Shaded Forest Rivers,Critically Endangered,West Africa
2.54,104.3,Subadult,Female,Senegal,Oases,Least Concern,West Africa
2.93,147.4,Adult,Female,Cuba,Swamps,Critically Endangered,Caribbean
2.26,74.5,Adult,Female,Papua New Guinea,Rivers,Least Concern,Oceania
2.28,104.8,Adult,Male,Niger,Oases,Least Concern,West Africa
3.07,199.3,Adult,Male,Nigeria,Swamps,Critically Endangered,West Africa
2.57,82.1,Adult,Female,Australia,Billabongs,Least Concern,Oceania
2.46,100.2,Subadult,Male,Mexico,Rivers,Least Concern,North America
1.77,159.9,Juvenile,Male,Tanzania,Lakes,Least Concern,East Africa
3.59,402.7,Subadult,Female,India,Coastal Wetlands,Least Concern,South Asia
1.59,37.4,Juvenile,Female,Australia,Gorges,Least Concern,Oceania
1.77,38.1,Juvenile,Male,Australia,Billabongs,Least Concern,Oceania
4.68,692.4,Adult,Female,Indonesia,Mangroves,Least Concern,Southeast Asia
3.32,163.4,Adult,Female,Papua New Guinea,Freshwater Wetlands,Least Concern,Oceania
5.1,827.2,Subadult,Female,Australia,Tidal Rivers,Least Concern,Oceania
2.9,158.4,Subadult,Male,Chad,Rivers,Least Concern,Central Africa
4.55,524.1,Adult,Female,Colombia,Flooded Savannas,Critically Endangered,South America
5.22,809.0,Adult,Male,Malaysia,Coastal Wetlands,Least Concern,Southeast Asia
0.86,8.1,Juvenile,Female,Guinea,Forest Swamps,Vulnerable,West Africa
2.69,100.3,Adult,Male,Papua New Guinea,Freshwater Wetlands,Least Concern,Oceania
1.37,18.1,Adult,Female,Côte d'Ivoire,Forest Swamps,Vulnerable,Other
2.26,86.1,Adult,Male,Cuba,Swamps,Critically Endangered,Caribbean
3.19,153.6,Adult,Female,Iran (historic),Rivers,Vulnerable,Western Asia
3.04,190.0,Adult,Male,Costa Rica,Coastal Lagoons,Vulnerable,Central America
2.05,82.8,Juvenile,Male,Guinea,Shaded Forest Rivers,Critically Endangered,West Africa
2.87,199.9,Subadult,Male,Venezuela,Flooded Savannas,Critically Endangered,South America
3.32,213.1,Adult,Female,Mexico,Coastal Lagoons,Vulnerable,North America
2.88,154.9,Adult,Female,Laos,Swamps,Critically Endangered,Southeast Asia
1.55,47.9,Juvenile,Male,Senegal,Lakes,Least Concern,West Africa
2.07,64.8,Subadult,Female,Cuba,Freshwater Wetlands,Critically Endangered,Caribbean
1.52,39.0,Juvenile,Female,Indonesia (Papua),Swamps,Least Concern,Southeast Asia
4.55,621.4,Adult,Male,Nigeria,Marshes,Least Concern,West Africa
2.07,75.5,Juvenile,Female,Niger,Rivers,Least Concern,West Africa
1.57,27.1,Adult,Male,Ghana,Forest Swamps,Vulnerable,West Africa
2.26,74.0,Adult,Female,Indonesia (Papua),Swamps,Least Concern,Southeast Asia
2.81,126.9,Adult,Female,Papua New Guinea,Rivers,Least Concern,Oceania
3.05,344.0,Juvenile,Male,India,Estuaries,Least Concern,South Asia
2.82,129.1,Subadult,Male,Papua New Guinea,Rivers,Least Concern,Oceania
2.5,120.6,Subadult,Male,Congo Basin Countries,Swamps,Endangered,Central Africa
1.94,65.9,Subadult,Female,Philippines,Freshwater Marshes,Critically Endangered,Southeast Asia
2.52,107.0,Subadult,Male,Senegal,Oases,Least Concern,West Africa
3.11,179.1,Subadult,Male,Iran (historic),Rivers,Vulnerable,Western Asia
2.36,87.9,Adult,Female,Congo Basin Countries,Forest Rivers,Endangered,Central Africa
3.68,273.7,Adult,Female,Indonesia (Borneo),Rivers,Data Deficient,Southeast Asia
2.42,78.6,Adult,Female,Mexico,Rivers,Least Concern,North America
3.41,220.3,Adult,Male,Ghana,Swamps,Critically Endangered,West Africa
1.47,21.3,Adult,Male,Côte d'Ivoire,Forest Swamps,Vulnerable,Other
2.45,121.0,Subadult,Male,Laos,Oxbow Lakes,Critically Endangered,Southeast Asia
2.17,60.6,Adult,Female,Australia,Freshwater Rivers,Least Concern,Oceania
1.53,20.3,Adult,Male,Ghana,Forest Swamps,Vulnerable,West Africa
0.88,32.3,Juvenile,Female,Indonesia (Papua),Rivers,Least Concern,Southeast Asia
3.13,362.6,Subadult,Male,South Africa,Rivers,Least Concern,Southern Africa
3.27,177.7,Subadult,Female,Indonesia (Borneo),Rivers,Data Deficient,Southeast Asia
0.16,28.2,Hatchling,Female,Guatemala,Rivers,Least Concern,Central America
3.04,171.9,Adult,Male,Mauritania,Rivers,Least Concern,West Africa
6.02,1032.7,Adult,Male,Philippines,Tidal Rivers,Least Concern,Southeast Asia
2.21,76.1,Subadult,Female,Papua New Guinea,Rivers,Least Concern,Oceania
0.6,6.9,Juvenile,Female,Congo (DRC),Slow Streams,Data Deficient,Central Africa
2.64,149.5,Adult,Male,Nigeria,Shaded Forest Rivers,Critically Endangered,West Africa
0.94,39.1,Juvenile,Female,Cambodia,Slow Rivers,Critically Endangered,Southeast Asia
2.22,74.6,Subadult,Female,Belize,Rivers,Least Concern,Central America
0.96,10.8,Subadult,Female,Guinea,Small Streams,Vulnerable,West Africa
3.1,146.8,Adult,Male,Malaysia (Borneo),Estuarine Systems,Data Deficient,Southeast Asia
2.75,143.8,Adult,Female,Guinea,Shaded Forest Rivers,Critically Endangered,West Africa
5.48,878.6,Adult,Male,Papua New Guinea,Coastal Wetlands,Least Concern,Oceania
3.85,479.0,Subadult,Female,Uganda,Rivers,Least Concern,East Africa
1.13,12.3,Subadult,Female,Cameroon,Forest Swamps,Vulnerable,Central Africa
0.36,70.2,Hatchling,Female,Costa Rica,Coastal Lagoons,Vulnerable,Central America
4.21,517.3,Adult,Female,Indonesia,Estuaries,Least Concern,Southeast Asia
2.31,88.7,Adult,Female,Papua New Guinea,Rivers,Least Concern,Oceania
1.49,26.9,Adult,Female,Congo (DRC),Slow Streams,Data Deficient,Central Africa
3.75,259.1,Subadult,Female,USA (Florida),Brackish Rivers,Vulnerable,North America
2.85,122.1,Adult,Female,Australia,Billabongs,Least Concern,Oceania
1.69,90.7,Juvenile,Female,Mexico,Coastal Lagoons,Vulnerable,North America
1.04,13.6,Subadult,Male,Congo (DRC),Slow Streams,Data Deficient,Central Africa
2.75,114.5,Subadult,Male,Cuba,Freshwater Wetlands,Critically Endangered,Caribbean
2.79,123.4,Subadult,Male,Belize,Rivers,Least Concern,Central America
1.12,41.7,Juvenile,Female,Cameroon,Forest Rivers,Endangered,Central Africa
3.7,328.6,Adult,Female,Colombia,Large Rivers,Critically Endangered,South America
2.98,153.5,Adult,Female,Iran (historic),Marshes,Vulnerable,Western Asia
5.32,868.3,Adult,Female,Malaysia,Estuaries,Least Concern,Southeast Asia
2.1,70.3,Adult,Female,Indonesia (Papua),Swamps,Least Concern,Southeast Asia
2.01,64.3,Juvenile,Female,Cuba,Freshwater Wetlands,Critically Endangered,Caribbean
0.5,26.4,Hatchling,Female,Cameroon,Forest Rivers,Endangered,Central Africa
1.03,11.3,Subadult,Female,Guinea,Forest Swamps,Vulnerable,West Africa
0.87,36.9,Juvenile,Male,Malaysia (Borneo),Rivers,Data Deficient,Southeast Asia
2.18,75.2,Adult,Female,Belize,Rivers,Least Concern,Central America
1.13,101.7,Juvenile,Male,Venezuela,Flooded Savannas,Critically Endangered,South America
2.74,133.6,Adult,Male,Cuba,Swamps,Critically Endangered,Caribbean
2.13,75.2,Subadult,Female,Cuba,Swamps,Critically Endangered,Caribbean
0.76,29.5,Juvenile,Female,Malaysia (Borneo),Estuarine Systems,Data Deficient,Southeast Asia
1.0,10.0,Adult,Male,Cameroon,Small Streams,Vulnerable,Central Africa
2.15,70.3,Subadult,Male,Philippines,Freshwater Marshes,Critically Endangered,Southeast Asia
2.54,103.5,Subadult,Female,Malaysia (Borneo),Estuarine Systems,Data Deficient,Southeast Asia
0.99,11.7,Adult,Male,Sierra Leone,Forest Swamps,Vulnerable,West Africa
2.36,83.0,Subadult,Male,Papua New Guinea,Swamps,Least Concern,Oceania
2.89,160.1,Adult,Male,Vietnam,Oxbow Lakes,Critically Endangered,Southeast Asia
3.88,266.2,Adult,Male,Colombia,Mangroves,Vulnerable,South America
3.58,522.8,Subadult,Male,India,Tidal Rivers,Least Concern,South Asia
1.55,54.2,Juvenile,Male,Cambodia,Oxbow Lakes,Critically Endangered,Southeast Asia
0.56,133.9,Hatchling,Female,Uganda,Reservoirs,Least Concern,East Africa
2.25,104.2,Juvenile,Male,Sri Lanka,Lakes,Vulnerable,South Asia
4.62,712.0,Adult,Female,South Africa,Lakes,Least Concern,Southern Africa
1.83,54.7,Adult,Male,Guatemala,Swamps,Least Concern,Central America
1.51,22.3,Adult,Female,Congo (DRC),Slow Streams,Data Deficient,Central Africa
5.91,906.6,Adult,Male,Australia,Tidal Rivers,Least Concern,Oceania
2.96,120.7,Subadult,Female,Cuba,Swamps,Critically Endangered,Caribbean
6.02,1085.6,Adult,Female,Papua New Guinea,Estuaries,Least Concern,Oceania
1.51,23.7,Adult,Female,Central African Republic,Forest Swamps,Data Deficient,Central Africa
3.09,169.1,Subadult,Male,Indonesia (Borneo),Rivers,Data Deficient,Southeast Asia
2.61,134.2,Subadult,Male,Gabon,Swamps,Endangered,Central Africa
2.44,113.3,Juvenile,Male,Mexico,Coastal Lagoons,Vulnerable,North America
0.93,8.4,Adult,Male,Cameroon,Small Streams,Vulnerable,Central Africa
1.64,42.3,Juvenile,Male,Papua New Guinea,Swamps,Least Concern,Oceania
2.23,105.1,Subadult,Male,Sierra Leone,Swamps,Critically Endangered,West Africa
0.33,32.6,Hatchling,Female,Congo Basin Countries,Swamps,Endangered,Central Africa
2.03,73.2,Adult,Male,Philippines,Ponds,Critically Endangered,Southeast Asia
2.76,94.8,Subadult,Male,Papua New Guinea,Rivers,Least Concern,Oceania
1.2,40.7,Juvenile,Female,Indonesia (Papua),Swamps,Least Concern,Southeast Asia
2.77,130.0,Adult,Female,Mexico,Estuaries,Vulnerable,North America
2.4,111.4,Subadult,Male,Chad,Rivers,Least Concern,Central Africa
2.78,100.4,Subadult,Male,Guatemala,Rivers,Least Concern,Central America
1.92,107.4,Juvenile,Female,Mexico,Brackish Rivers,Vulnerable,North America
3.88,346.7,Adult,Female,Colombia,Flooded Savannas,Critically Endangered,South America
1.4,22.8,Adult,Male,Congo (DRC),Slow Streams,Data Deficient,Central Africa
1.79,66.7,Juvenile,Male,Gabon,Swamps,Endangered,Central Africa
2.99,215.3,Juvenile,Female,Venezuela,Large Rivers,Critically Endangered,South America
2.87,128.0,Adult,Male,Indonesia (Papua),Rivers,Least Concern,Southeast Asia
0.82,93.9,Hatchling,Male,Venezuela,Flooded Savannas,Critically Endangered,South America
3.14,336.8,Subadult,Male,Nigeria,Rivers,Least Concern,West Africa
1.94,54.2,Subadult,Female,Australia,Freshwater Rivers,Least Concern,Oceania
2.98,190.6,Adult,Female,Sudan,Rivers,Least Concern,East Africa
1.74,48.3,Juvenile,Female,Papua New Guinea,Rivers,Least Concern,Oceania
2.07,93.2,Adult,Male,Côte d'Ivoire,Swamps,Critically Endangered,Other
2.94,139.7,Adult,Female,Indonesia (Borneo),Rivers,Data Deficient,Southeast Asia
1.01,84.2,Juvenile,Male,Venezuela,Brackish Rivers,Vulnerable,South America
2.79,133.3,Adult,Female,Malaysia (Borneo),Estuarine Systems,Data Deficient,Southeast Asia
1.9,55.3,Adult,Female,Mexico,Swamps,Least Concern,North America
1.88,57.7,Subadult,Male,Philippines,Freshwater Marshes,Critically Endangered,Southeast Asia
1.99,78.3,Subadult,Male,Mali,Oases,Least Concern,West Africa
1.46,23.3,Adult,Male,Central African Republic,Forest Swamps,Data Deficient,Central Africa
1.69,45.7,Adult,Male,Australia,Freshwater Rivers,Least Concern,Oceania
2.14,143.0,Juvenile,Male,Venezuela,Large Rivers,Critically Endangered,South America
1.42,25.1,Adult,Female,Central African Republic,Forest Swamps,Data Deficient,Central Africa
2.07,84.4,Adult,Male,Cuba,Swamps,Critically Endangered,Caribbean
1.52,52.5,Juvenile,Male,Laos,Oxbow Lakes,Critically Endangered,Southeast Asia
3.55,405.8,Juvenile,Male,Indonesia,Tidal Rivers,Least Concern,Southeast Asia
2.8,165.3,Adult,Male,Cuba,Coastal Lagoons,Vulnerable,Caribbean
1.24,13.5,Adult,Male,Guinea,Forest Swamps,Vulnerable,West Africa
2.89,169.2,Subadult,Male,Côte d'Ivoire,Swamps,Critically Endangered,Other
2.86,164.1,Adult,Female,Gabon,Forest Rivers,Endangered,Central Africa
0.38,22.0,Hatchling,Male,Philippines,Ponds,Critically Endangered,Southeast Asia
3.56,437.1,Adult,Female,Uganda,Reservoirs,Least Concern,East Africa
1.03,10.4,Adult,Male,Liberia,Forest Swamps,Vulnerable,West Africa
3.51,241.3,Adult,Female,Cuba,Estuaries,Vulnerable,Caribbean
3.53,233.8,Adult,Male,Pakistan,Reservoirs,Vulnerable,South Asia
3.06,162.8,Subadult,Male,Malaysia (Borneo),Estuarine Systems,Data Deficient,Southeast Asia
2.86,107.4,Adult,Male,Australia,Gorges,Least Concern,Oceania
2.87,160.3,Subadult,Female,Iran (historic),Lakes,Vulnerable,Western Asia
2.1,59.1,Adult,Male,Philippines,Rivers,Critically Endangered,Southeast Asia
1.56,47.1,Juvenile,Female,Cuba,Freshwater Wetlands,Critically Endangered,Caribbean
0.58,75.8,Hatchling,Male,Costa Rica,Estuaries,Vulnerable,Central America
4.0,438.8,Subadult,Male,Tanzania,Reservoirs,Least Concern,East Africa
1.05,11.9,Subadult,Male,Cameroon,Forest Swamps,Vulnerable,Central Africa
2.82,223.0,Adult,Female,Venezuela,Large Rivers,Critically Endangered,South America
3.08,418.9,Juvenile,Female,Malaysia,Estuaries,Least Concern,Southeast Asia
2.85,151.8,Adult,Female,Cambodia,Swamps,Critically Endangered,Southeast Asia
2.31,84.8,Adult,Female,Philippines,Rivers,Critically Endangered,Southeast Asia
2.68,286.7,Juvenile,Female,South Africa,Marshes,Least Concern,Southern Africa
2.08,82.8,Adult,Female,Guinea,Shaded Forest Rivers,Critically Endangered,West Africa
5.18,848.2,Adult,Female,Tanzania,Marshes,Least Concern,East Africa
2.67,118.9,Adult,Female,Mexico,Swamps,Least Concern,North America
4.19,541.7,Adult,Female,Australia,Mangroves,Least Concern,Oceania
2.69,125.4,Adult,Female,Congo Basin Countries,Forest Rivers,Endangered,Central Africa
1.28,15.4,Subadult,Female,Ghana,Forest Swamps,Vulnerable,West Africa
3.25,253.9,Subadult,Male,Colombia,Flooded Savannas,Critically Endangered,South America
1.78,96.7,Juvenile,Male,Colombia,Coastal Lagoons,Vulnerable,South America
1.51,23.7,Adult,Female,Congo (DRC),Forest Swamps,Data Deficient,Central Africa
1.76,48.7,Juvenile,Female,Indonesia (Papua),Rivers,Least Concern,Southeast Asia
2.33,69.2,Adult,Male,Papua New Guinea,Freshwater Wetlands,Least Concern,Oceania
2.02,71.7,Subadult,Male,Philippines,Ponds,Critically Endangered,Southeast Asia
1.31,21.1,Subadult,Female,Central African Republic,Slow Streams,Data Deficient,Central Africa
2.76,125.2,Adult,Female,Laos,Oxbow Lakes,Critically Endangered,Southeast Asia
2.29,83.8,Subadult,Male,Papua New Guinea,Rivers,Least Concern,Oceania
2.89,144.5,Adult,Female,Indonesia (Papua),Swamps,Least Concern,Southeast Asia
1.18,15.7,Adult,Male,Guinea,Small Streams,Vulnerable,West Africa
1.2,16.9,Adult,Female,Central African Republic,Forest Swamps,Data Deficient,Central Africa
1.47,30.9,Juvenile,Female,Australia,Gorges,Least Concern,Oceania
1.36,20.2,Adult,Male,Congo (DRC),Forest Swamps,Data Deficient,Central Africa
4.96,637.2,Subadult,Male,Indonesia,Estuaries,Least Concern,Southeast Asia
3.06,180.7,Adult,Male,Congo Basin Countries,Forest Rivers,Endangered,Central Africa
1.11,14.6,Subadult,Male,Congo (DRC),Forest Swamps,Data Deficient,Central Africa
3.15,187.8,Adult,Male,Liberia,Swamps,Critically Endangered,West Africa
1.64,25.0,Adult,Male,Ghana,Forest Swamps,Vulnerable,West Africa
2.48,104.1,Adult,Female,Philippines,Ponds,Critically Endangered,Southeast Asia
1.63,169.1,Juvenile,Female,South Africa,Marshes,Least Concern,Southern Africa
2.78,153.8,Adult,Female,Mali,Lakes,Least Concern,West Africa
2.79,101.5,Subadult,Male,Mexico,Swamps,Least Concern,North America
1.35,23.0,Adult,Male,Congo (DRC),Forest Swamps,Data Deficient,Central Africa
3.62,437.6,Adult,Female,India,Coastal Wetlands,Least Concern,South Asia
2.61,119.8,Adult,Female,Cuba,Swamps,Critically Endangered,Caribbean
2.18,76.2,Adult,Male,Cambodia,Slow Rivers,Critically Endangered,Southeast Asia
2.06,75.7,Subadult,Male,Cameroon,Forest Rivers,Endangered,Central Africa
2.92,150.7,Adult,Male,Cambodia,Swamps,Critically Endangered,Southeast Asia
1.12,15.5,Adult,Female,Central African Republic,Forest Swamps,Data Deficient,Central Africa
1.47,25.1,Subadult,Female,Central African Republic,Forest Swamps,Data Deficient,Central Africa
1.51,43.1,Juvenile,Male,Papua New Guinea,Rivers,Least Concern,Oceania
3.65,449.3,Juvenile,Female,Papua New Guinea,Estuaries,Least Concern,Oceania
2.26,83.5,Adult,Male,Indonesia (Papua),Rivers,Least Concern,Southeast Asia
1.34,43.5,Juvenile,Female,Papua New Guinea,Freshwater Wetlands,Least Concern,Oceania
1.51,59.1,Juvenile,Male,Cuba,Swamps,Critically Endangered,Caribbean
0.79,33.9,Juvenile,Male,Congo Basin Countries,Forest Rivers,Endangered,Central Africa
4.33,658.3,Adult,Male,Malaysia,Tidal Rivers,Least Concern,Southeast Asia
1.67,48.8,Adult,Male,Philippines,Freshwater Marshes,Critically Endangered,Southeast Asia
2.94,142.5,Adult,Male,Côte d'Ivoire,Shaded Forest Rivers,Critically Endangered,Other
1.9,121.2,Juvenile,Female,Venezuela,Flooded Savannas,Critically Endangered,South America
2.81,138.5,Adult,Female,Indonesia (Borneo),Estuarine Systems,Data Deficient,Southeast Asia
2.97,181.1,Adult,Male,Cambodia,Swamps,Critically Endangered,Southeast Asia
2.73,104.6,Adult,Male,Indonesia (Papua),Rivers,Least Concern,Southeast Asia
1.73,45.3,Subadult,Female,Philippines,Ponds,Critically Endangered,Southeast Asia
3.22,193.4,Subadult,Female,Sri Lanka,Marshes,Vulnerable,South Asia
3.3,218.0,Subadult,Female,USA (Florida),Mangroves,Vulnerable,North America
2.8,218.0,Subadult,Female,Venezuela,Large Rivers,Critically Endangered,South America
2.28,73.1,Adult,Female,Papua New Guinea,Freshwater Wetlands,Least Concern,Oceania
1.75,42.5,Juvenile,Female,Australia,Billabongs,Least Concern,Oceania
3.0,130.3,Adult,Female,Malaysia (Borneo),Estuarine Systems,Data Deficient,Southeast Asia
0.72,33.5,Juvenile,Male,Congo Basin Countries,Forest Rivers,Endangered,Central Africa
2.23,83.7,Adult,Male,Indonesia (Borneo),Estuarine Systems,Data Deficient,Southeast Asia
1.86,50.8,Juvenile,Male,Papua New Guinea,Freshwater Wetlands,Least Concern,Oceania
1.57,40.7,Juvenile,Male,Philippines,Rivers,Critically Endangered,Southeast Asia
2.33,82.0,Adult,Male,Indonesia (Papua),Lakes,Least Concern,Southeast Asia
3.81,493.9,Subadult,Female,Australia,Estuaries,Least Concern,Oceania
1.36,45.7,Juvenile,Female,Chad,Lakes,Least Concern,Central Africa
0.87,30.9,Juvenile,Male,Malaysia (Borneo),Estuarine Systems,Data Deficient,Southeast Asia
1.94,71.6,Juvenile,Female,Cuba,Swamps,Critically Endangered,Caribbean
2.81,127.1,Adult,Female,Cambodia,Swamps,Critically Endangered,Southeast Asia
2.13,74.7,Adult,Female,Thailand,Swamps,Critically Endangered,Southeast Asia
2.59,90.2,Subadult,Male,Indonesia (Papua),Swamps,Least Concern,Southeast Asia
3.05,188.0,Adult,Female,Colombia,Mangroves,Vulnerable,South America
3.32,230.9,Adult,Male,Guinea,Shaded Forest Rivers,Critically Endangered,West Africa
2.28,97.8,Adult,Female,Mauritania,Oases,Least Concern,West Africa
2.95,170.0,Subadult,Female,Côte d'Ivoire,Shaded Forest Rivers,Critically Endangered,Other
3.49,305.4,Adult,Female,Colombia,Flooded Savannas,Critically Endangered,South America
0.61,56.4,Hatchling,Female,Pakistan,Lakes,Vulnerable,South Asia
2.1,87.2,Adult,Male,Congo Basin Countries,Swamps,Endangered,Central Africa
2.8,149.4,Subadult,Female,Nepal,Reservoirs,Vulnerable,South Asia
2.92,166.7,Adult,Female,Vietnam,Slow Rivers,Critically Endangered,Southeast Asia
2.04,168.7,Juvenile,Male,Kenya,Reservoirs,Least Concern,East Africa
0.24,32.3,Hatchling,Male,Indonesia (Papua),Swamps,Least Concern,Southeast Asia
0.9,9.0,Juvenile,Female,Congo (DRC),Forest Swamps,Data Deficient,Central Africa
2.59,87.1,Subadult,Male,Mexico,Rivers,Least Concern,North America
0.88,20.5,Juvenile,Male,Australia,Gorges,Least Concern,Oceania
2.92,139.4,Adult,Female,Cuba,Swamps,Critically Endangered,Caribbean
1.09,13.9,Subadult,Female,Congo (DRC),Slow Streams,Data Deficient,Central Africa
2.64,129.9,Adult,Female,Gabon,Swamps,Endangered,Central Africa
0.65,97.9,Hatchling,Male,Venezuela,Flooded Savannas,Critically Endangered,South America
2.5,97.3,Subadult,Female,Indonesia (Papua),Lakes,Least Concern,Southeast Asia
0.15,5.4,Hatchling,Male,Sierra Leone,Small Streams,Vulnerable,West Africa
2.87,168.0,Adult,Female,Guinea,Shaded Forest Rivers,Critically Endangered,West Africa
2.02,92.5,Juvenile,Female,Colombia,Coastal Lagoons,Vulnerable,South America
3.28,217.2,Adult,Male,Ghana,Swamps,Critically Endangered,West Africa
1.46,41.8,Juvenile,Female,Indonesia (Papua),Swamps,Least Concern,Southeast Asia
2.28,114.0,Adult,Male,Ghana,Shaded Forest Rivers,Critically Endangered,West Africa
4.16,558.3,Subadult,Male,India,Estuaries,Least Concern,South Asia
2.08,88.4,Adult,Female,Congo Basin Countries,Swamps,Endangered,Central Africa
4.78,696.0,Adult,Male,Philippines,Estuaries,Least Concern,Southeast Asia
1.28,19.0,Adult,Female,Congo (DRC),Forest Swamps,Data Deficient,Central Africa
2.04,59.3,Subadult,Male,Australia,Billabongs,Least Concern,Oceania
2.04,65.8,Subadult,Male,Philippines,Rivers,Critically Endangered,Southeast Asia
3.03,145.9,Subadult,Male,Papua New Guinea,Freshwater Wetlands,Least Concern,Oceania
1.42,33.3,Juvenile,Female,Philippines,Rivers,Critically Endangered,Southeast Asia
2.22,95.0,Subadult,Male,Congo Basin Countries,Forest Rivers,Endangered,Central Africa
0.78,6.5,Juvenile,Female,Liberia,Small Streams,Vulnerable,West Africa
4.1,513.9,Adult,Female,Sudan,Rivers,Least Concern,East Africa
1.61,40.4,Subadult,Female,Philippines,Freshwater Marshes,Critically Endangered,Southeast Asia
0.43,28.5,Hatchling,Male,Vietnam,Oxbow Lakes,Critically Endangered,Southeast Asia
3.25,194.1,Subadult,Female,Venezuela,Mangroves,Vulnerable,South America
0.84,9.9,Juvenile,Male,Congo (DRC),Forest Swamps,Data Deficient,Central Africa
4.07,352.7,Adult,Female,Colombia,Brackish Rivers,Vulnerable,South America
0.88,37.6,Juvenile,Male,Liberia,Shaded Forest Rivers,Critically Endangered,West Africa
3.25,186.3,Adult,Female,Nepal,Rivers,Vulnerable,South Asia
2.72,155.3,Adult,Female,Congo Basin Countries,Forest Rivers,Endangered,Central Africa
3.14,196.7,Adult,Male,Colombia,Coastal Lagoons,Vulnerable,South America
2.6,106.1,Adult,Male,Papua New Guinea,Swamps,Least Concern,Oceania
6.12,1139.7,Adult,Male,Papua New Guinea,Coastal Wetlands,Least Concern,Oceania
1.58,36.6,Juvenile,Male,Australia,Freshwater Rivers,Least Concern,Oceania
3.27,191.8,Adult,Female,Cuba,Swamps,Critically Endangered,Caribbean
1.82,59.0,Adult,Male,Mexico,Rivers,Least Concern,North America
0.9,37.1,Juvenile,Male,Niger,Lakes,Least Concern,West Africa
2.06,63.1,Subadult,Male,Australia,Gorges,Least Concern,Oceania
0.64,47.8,Hatchling,Female,Sri Lanka,Lakes,Vulnerable,South Asia
0.79,48.4,Juvenile,Male,Cuba,Freshwater Wetlands,Critically Endangered,Caribbean
2.81,110.9,Adult,Female,Papua New Guinea,Freshwater Wetlands,Least Concern,Oceania
2.6,89.9,Adult,Male,Papua New Guinea,Swamps,Least Concern,Oceania
1.66,51.4,Juvenile,Female,Malaysia (Borneo),Rivers,Data Deficient,Southeast Asia
1.91,54.2,Adult,Female,Australia,Billabongs,Least Concern,Oceania
1.46,34.7,Adult,Female,Philippines,Freshwater Marshes,Critically Endangered,Southeast Asia
2.42,76.0,Subadult,Male,Papua New Guinea,Rivers,Least Concern,Oceania
1.73,36.9,Adult,Female,Congo (DRC),Forest Swamps,Data Deficient,Central Africa
2.41,75.0,Adult,Male,Papua New Guinea,Rivers,Least Concern,Oceania
0.53,263.9,Hatchling,Male,Papua New Guinea,Mangroves,Least Concern,Oceania
3.12,166.5,Adult,Female,Papua New Guinea,Rivers,Least Concern,Oceania
3.07,158.5,Adult,Male,Côte d'Ivoire,Shaded Forest Rivers,Critically Endangered,Other
0.46,5.2,Juvenile,Female,Côte d'Ivoire,Forest Swamps,Vulnerable,Other
2.92,146.9,Subadult,Male,Cuba,Freshwater Wetlands,Critically Endangered,Caribbean
2.02,62.4,Subadult,Female,Indonesia (Papua),Rivers,Least Concern,Southeast Asia
1.89,42.6,Adult,Female,Australia,Freshwater Rivers,Least Concern,Oceania
1.88,60.1,Juvenile,Female,Mexico,Lagoons,Least Concern,North America
1.78,55.6,Juvenile,Male,Papua New Guinea,Swamps,Least Concern,Oceania
1.04,31.5,Juvenile,Female,Papua New Guinea,Swamps,Least Concern,Oceania
2.99,134.5,Adult,Male,Malaysia (Borneo),Rivers,Data Deficient,Southeast Asia
1.84,60.9,Juvenile,Female,Indonesia (Papua),Rivers,Least Concern,Southeast Asia
3.07,195.5,Adult,Female,Colombia,Mangroves,Vulnerable,South America
2.92,161.0,Subadult,Female,Ghana,Shaded Forest Rivers,Critically Endangered,West Africa
0.48,35.1,Hatchling,Male,Niger,Rivers,Least Concern,West Africa
3.44,197.1,Adult,Female,Malaysia (Borneo),Rivers,Data Deficient,Southeast Asia
1.52,22.6,Adult,Female,Central African Republic,Forest Swamps,Data Deficient,Central Africa
2.11,77.1,Subadult,Male,Cuba,Swamps,Critically Endangered,Caribbean
2.66,116.2,Adult,Female,Iran (historic),Reservoirs,Vulnerable,Western Asia
3.18,473.1,Juvenile,Female,Philippines,Estuaries,Least Concern,Southeast Asia
3.02,183.4,Adult,Female,Venezuela,Coastal Lagoons,Vulnerable,South America
1.51,28.4,Subadult,Female,Congo (DRC),Slow Streams,Data Deficient,Central Africa
5.1,698.8,Adult,Male,Papua New Guinea,Estuaries,Least Concern,Oceania
1.31,17.3,Subadult,Male,Sierra Leone,Small Streams,Vulnerable,West Africa
2.88,197.6,Subadult,Male,Colombia,Flooded Savannas,Critically Endangered,South America
1.23,63.7,Juvenile,Male,Pakistan,Marshes,Vulnerable,South Asia
2.07,53.4,Adult,Female,Australia,Billabongs,Least Concern,Oceania
2.16,70.5,Adult,Female,Indonesia (Papua),Swamps,Least Concern,Southeast Asia
2.51,121.9,Adult,Male,Laos,Oxbow Lakes,Critically Endangered,Southeast Asia
1.1,32.6,Juvenile,Male,Papua New Guinea,Lakes,Least Concern,Oceania
2.57,101.4,Adult,Male,Mexico,Rivers,Least Concern,North America
2.93,178.8,Adult,Male,Liberia,Swamps,Critically Endangered,West Africa
3.36,196.1,Adult,Male,Mexico,Brackish Rivers,Vulnerable,North America
2.81,134.0,Adult,Female,Niger,Rivers,Least Concern,West Africa
0.49,63.2,Hatchling,Female,Colombia,Coastal Lagoons,Vulnerable,South America
1.13,40.5,Juvenile,Female,Congo Basin Countries,Swamps,Endangered,Central Africa
2.34,76.8,Subadult,Male,Australia,Billabongs,Least Concern,Oceania
2.31,62.6,Adult,Male,Australia,Freshwater Rivers,Least Concern,Oceania
3.91,512.7,Subadult,Female,Kenya,Marshes,Least Concern,East Africa
2.26,82.0,Adult,Male,Papua New Guinea,Lakes,Least Concern,Oceania
2.91,114.2,Adult,Female,Cuba,Swamps,Critically Endangered,Caribbean
3.85,273.7,Adult,Male,Colombia,Mangroves,Vulnerable,South America
1.06,11.2,Subadult,Female,Central African Republic,Forest Swamps,Data Deficient,Central Africa
2.48,101.4,Subadult,Male,Iran (historic),Reservoirs,Vulnerable,Western Asia
2.55,114.9,Adult,Male,Cameroon,Forest Rivers,Endangered,Central Africa
1.54,91.4,Juvenile,Male,Cuba,Brackish Rivers,Vulnerable,Caribbean
2.09,89.4,Subadult,Male,Laos,Swamps,Critically Endangered,Southeast Asia
2.66,96.8,Adult,Male,Indonesia (Borneo),Estuarine Systems,Data Deficient,Southeast Asia
1.95,70.7,Juvenile,Female,Indonesia (Borneo),Rivers,Data Deficient,Southeast Asia
2.2,79.3,Subadult,Female,Cameroon,Swamps,Endangered,Central Africa
4.33,550.0,Adult,Male,Malaysia,Mangroves,Least Concern,Southeast Asia
2.52,118.3,Adult,Female,Pakistan,Rivers,Vulnerable,South Asia
2.25,86.8,Adult,Female,Papua New Guinea,Swamps,Least Concern,Oceania
3.74,517.7,Subadult,Female,Papua New Guinea,Mangroves,Least Concern,Oceania
3.25,147.9,Adult,Female,Papua New Guinea,Rivers,Least Concern,Oceania
1.94,65.4,Juvenile,Male,Cuba,Swamps,Critically Endangered,Caribbean
2.62,117.5,Adult,Male,Philippines,Rivers,Critically Endangered,Southeast Asia
1.23,38.0,Juvenile,Male,Papua New Guinea,Freshwater Wetlands,Least Concern,Oceania
2.95,126.0,Adult,Female,Papua New Guinea,Rivers,Least Concern,Oceania
3.75,239.0,Adult,Male,Cuba,Mangroves,Vulnerable,Caribbean
2.63,103.0,Adult,Female,Cuba,Swamps,Critically Endangered,Caribbean
2.31,88.6,Juvenile,Female,Malaysia (Borneo),Estuarine Systems,Data Deficient,Southeast Asia
1.33,19.7,Adult,Male,Liberia,Small Streams,Vulnerable,West Africa
3.87,347.9,Adult,Male,Venezuela,Large Rivers,Critically Endangered,South America
2.16,65.1,Adult,Male,Belize,Rivers,Least Concern,Central America
2.81,97.2,Adult,Male,Papua New Guinea,Freshwater Wetlands,Least Concern,Oceania
1.56,32.2,Adult,Male,Central African Republic,Slow Streams,Data Deficient,Central Africa
0.7,33.4,Juvenile,Male,Cameroon,Swamps,Endangered,Central Africa
3.83,461.5,Subadult,Male,Egypt,Marshes,Least Concern,Northern Africa
3.01,141.0,Adult,Male,Cuba,Swamps,Critically Endangered,Caribbean
0.91,26.9,Juvenile,Female,Australia,Gorges,Least Concern,Oceania
2.68,141.8,Adult,Male,Cuba,Brackish Rivers,Vulnerable,Caribbean
1.45,23.7,Adult,Male,Congo (DRC),Forest Swamps,Data Deficient,Central Africa
0.88,26.6,Juvenile,Male,Australia,Gorges,Least Concern,Oceania
3.52,191.7,Adult,Female,Malaysia (Borneo),Rivers,Data Deficient,Southeast Asia
2.88,125.2,Subadult,Female,Cuba,Freshwater Wetlands,Critically Endangered,Caribbean
2.82,133.4,Adult,Female,Guatemala,Lagoons,Least Concern,Central America
3.0,129.6,Adult,Female,Mexico,Swamps,Least Concern,North America
2.34,94.9,Adult,Female,Cuba,Swamps,Critically Endangered,Caribbean
1.68,102.0,Juvenile,Male,Costa Rica,Estuaries,Vulnerable,Central America
3.43,334.3,Adult,Female,Sudan,Rivers,Least Concern,East Africa
5.31,998.3,Adult,Male,Kenya,Marshes,Least Concern,East Africa
2.86,144.4,Adult,Male,Cuba,Mangroves,Vulnerable,Caribbean
1.61,39.8,Juvenile,Male,Papua New Guinea,Rivers,Least Concern,Oceania
1.37,18.9,Subadult,Female,Congo (DRC),Slow Streams,Data Deficient,Central Africa
0.93,36.6,Juvenile,Female,Indonesia (Borneo),Rivers,Data Deficient,Southeast Asia
2.29,88.5,Subadult,Female,Cameroon,Swamps,Endangered,Central Africa
2.63,194.4,Adult,Male,Colombia,Flooded Savannas,Critically Endangered,South America
2.66,209.5,Juvenile,Female,Colombia,Flooded Savannas,Critically Endangered,South America
1.98,81.8,Subadult,Male,Congo Basin Countries,Forest Rivers,Endangered,Central Africa
2.74,124.0,Adult,Male,Cameroon,Swamps,Endangered,Central Africa
1.82,56.7,Adult,Male,Philippines,Rivers,Critically Endangered,Southeast Asia
2.76,126.9,Adult,Female,Senegal,Rivers,Least Concern,West Africa
2.52,106.0,Adult,Female,Malaysia (Borneo),Estuarine Systems,Data Deficient,Southeast Asia
4.22,441.8,Subadult,Male,Venezuela,Large Rivers,Critically Endangered,South America
3.22,149.7,Subadult,Male,Papua New Guinea,Freshwater Wetlands,Least Concern,Oceania
0.27,19.9,Hatchling,Female,Australia,Billabongs,Least Concern,Oceania
2.67,133.4,Adult,Male,Congo Basin Countries,Forest Rivers,Endangered,Central Africa
2.24,99.8,Subadult,Male,Congo Basin Countries,Forest Rivers,Endangered,Central Africa
1.87,57.7,Juvenile,Female,Cambodia,Oxbow Lakes,Critically Endangered,Southeast Asia
2.4,98.0,Subadult,Female,Gabon,Swamps,Endangered,Central Africa
3.77,400.0,Adult,Female,Colombia,Large Rivers,Critically Endangered,South America
1.74,52.7,Subadult,Male,Philippines,Rivers,Critically Endangered,Southeast Asia
0.84,25.0,Juvenile,Female,Australia,Billabongs,Least Concern,Oceania
1.45,41.6,Juvenile,Female,Philippines,Freshwater Marshes,Critically Endangered,Southeast Asia
2.96,118.0,Adult,Female,Papua New Guinea,Lakes,Least Concern,Oceania
1.61,25.0,Adult,Female,Cameroon,Forest Swamps,Vulnerable,Central Africa
2.25,74.6,Subadult,Female,Philippines,Rivers,Critically Endangered,Southeast Asia
0.57,33.6,Hatchling,Male,Papua New Guinea,Rivers,Least Concern,Oceania
2.7,118.5,Adult,Female,Mali,Lakes,Least Concern,West Africa
2.01,60.8,Adult,Female,Australia,Freshwater Rivers,Least Concern,Oceania
3.94,324.6,Adult,Male,Cuba,Mangroves,Vulnerable,Caribbean
0.28,73.1,Hatchling,Male,USA (Florida),Estuaries,Vulnerable,North America
2.41,96.7,Adult,Female,Mauritania,Oases,Least Concern,West Africa
2.22,66.0,Subadult,Female,Indonesia (Papua),Swamps,Least Concern,Southeast Asia
3.69,379.4,Adult,Male,South Africa,Reservoirs,Least Concern,Southern Africa
2.63,97.3,Subadult,Male,Cuba,Swamps,Critically Endangered,Caribbean
2.67,143.2,Adult,Male,Cameroon,Swamps,Endangered,Central Africa
3.78,419.4,Adult,Female,Kenya,Reservoirs,Least Concern,East Africa
2.54,84.7,Adult,Male,Papua New Guinea,Swamps,Least Concern,Oceania
3.61,399.7,Juvenile,Male,India,Coastal Wetlands,Least Concern,South Asia
0.26,44.6,Hatchling,Female,Liberia,Swamps,Critically Endangered,West Africa
2.97,179.8,Subadult,Male,Vietnam,Slow Rivers,Critically Endangered,Southeast Asia
1.95,69.2,Juvenile,Female,Cuba,Swamps,Critically Endangered,Caribbean
0.79,32.4,Juvenile,Female,Guatemala,Lagoons,Least Concern,Central America
4.41,646.1,Adult,Female,Tanzania,Rivers,Least Concern,East Africa
3.18,153.5,Subadult,Male,Papua New Guinea,Rivers,Least Concern,Oceania
2.89,150.2,Adult,Male,Cuba,Freshwater Wetlands,Critically Endangered,Caribbean
2.77,133.6,Subadult,Male,Mauritania,Lakes,Least Concern,West Africa
2.85,125.8,Adult,Female,Papua New Guinea,Rivers,Least Concern,Oceania
4.71,695.5,Adult,Male,Malaysia,Estuaries,Least Concern,Southeast Asia
2.71,124.4,Adult,Male,Côte d'Ivoire,Swamps,Critically Endangered,Other
1.13,12.3,Subadult,Female,Congo (DRC),Slow Streams,Data Deficient,Central Africa
3.96,385.8,Subadult,Male,Venezuela,Large Rivers,Critically Endangered,South America
2.35,87.5,Subadult,Female,Guatemala,Rivers,Least Concern,Central America
1.0,37.4,Juvenile,Female,Papua New Guinea,Freshwater Wetlands,Least Concern,Oceania
2.41,93.5,Subadult,Male,Cuba,Freshwater Wetlands,Critically Endangered,Caribbean
2.41,106.9,Adult,Male,Cameroon,Forest Rivers,Endangered,Central Africa
2.78,127.4,Subadult,Male,Malaysia (Borneo),Rivers,Data Deficient,Southeast Asia
0.97,10.4,Adult,Male,Ghana,Small Streams,Vulnerable,West Africa
2.25,77.0,Juvenile,Male,Malaysia (Borneo),Rivers,Data Deficient,Southeast Asia
2.61,136.8,Adult,Female,Senegal,Rivers,Least Concern,West Africa
2.17,81.4,Subadult,Male,Cuba,Swamps,Critically Endangered,Caribbean
1.42,110.1,Juvenile,Female,Venezuela,Flooded Savannas,Critically Endangered,South America
1.6,28.3,Adult,Male,Ghana,Forest Swamps,Vulnerable,West Africa
5.79,904.4,Adult,Female,Philippines,Coastal Wetlands,Least Concern,Southeast Asia
2.73,108.8,Subadult,Female,Cuba,Freshwater Wetlands,Critically Endangered,Caribbean
2.66,115.8,Adult,Female,Thailand,Slow Rivers,Critically Endangered,Southeast Asia
3.44,200.8,Adult,Female,Indonesia (Borneo),Rivers,Data Deficient,Southeast Asia
2.72,96.3,Adult,Male,Papua New Guinea,Rivers,Least Concern,Oceania
1.96,57.1,Subadult,Male,Australia,Gorges,Least Concern,Oceania
2.78,154.3,Subadult,Male,Liberia,Shaded Forest Rivers,Critically Endangered,West Africa
1.54,27.4,Adult,Male,Congo (DRC),Slow Streams,Data Deficient,Central Africa
0.39,18.0,Hatchling,Female,Australia,Billabongs,Least Concern,Oceania
3.65,249.9,Adult,Female,Nepal,Reservoirs,Vulnerable,South Asia
3.1,156.3,Adult,Female,Cuba,Freshwater Wetlands,Critically Endangered,Caribbean
2.52,100.7,Subadult,Female,Malaysia (Borneo),Estuarine Systems,Data Deficient,Southeast Asia
2.7,115.8,Adult,Female,Cuba,Swamps,Critically Endangered,Caribbean
4.24,444.1,Subadult,Female,Venezuela,Large Rivers,Critically Endangered,South America
4.18,542.3,Subadult,Female,Papua New Guinea,Coastal Wetlands,Least Concern,Oceania
2.76,126.3,Subadult,Female,Cuba,Swamps,Critically Endangered,Caribbean
0.33,5.5,Juvenile,Female,Congo (DRC),Forest Swamps,Data Deficient,Central Africa
1.35,20.1,Adult,Male,Congo (DRC),Forest Swamps,Data Deficient,Central Africa
0.41,17.5,Hatchling,Female,Philippines,Freshwater Marshes,Critically Endangered,Southeast Asia
2.03,68.5,Juvenile,Male,Indonesia (Papua),Lakes,Least Concern,Southeast Asia
5.4,765.7,Adult,Male,India,Mangroves,Least Concern,South Asia
0.47,34.5,Hatchling,Male,Congo Basin Countries,Forest Rivers,Endangered,Central Africa
1.4,24.2,Adult,Male,Congo (DRC),Forest Swamps,Data Deficient,Central Africa
2.2,67.4,Adult,Female,Malaysia (Borneo),Estuarine Systems,Data Deficient,Southeast Asia
1.81,45.5,Subadult,Male,Philippines,Rivers,Critically Endangered,Southeast Asia
1.01,10.0,Juvenile,Female,Liberia,Forest Swamps,Vulnerable,West Africa
4.35,507.6,Adult,Female,Nigeria,Rivers,Least Concern,West Africa
0.32,34.1,Hatchling,Female,Mexico,Lagoons,Least Concern,North America
3.13,196.2,Adult,Male,Vietnam,Swamps,Critically Endangered,Southeast Asia
0.91,36.9,Juvenile,Female,Thailand,Slow Rivers,Critically Endangered,Southeast Asia
3.62,210.4,Subadult,Male,Venezuela,Mangroves,Vulnerable,South America
2.81,146.9,Subadult,Male,Ghana,Swamps,Critically Endangered,West Africa
3.11,134.8,Adult,Male,Papua New Guinea,Rivers,Least Concern,Oceania
2.51,124.6,Subadult,Female,Nepal,Rivers,Vulnerable,South Asia
2.82,160.9,Adult,Female,Gabon,Forest Rivers,Endangered,Central Africa
2.58,87.1,Subadult,Female,Guatemala,Swamps,Least Concern,Central America
2.74,150.1,Adult,Female,Chad,Lakes,Least Concern,Central Africa
0.72,33.8,Juvenile,Female,Papua New Guinea,Rivers,Least Concern,Oceania
1.09,11.0,Adult,Male,Liberia,Small Streams,Vulnerable,West Africa
0.49,32.2,Hatchling,Male,Papua New Guinea,Rivers,Least Concern,Oceania
2.05,71.9,Subadult,Male,Philippines,Rivers,Critically Endangered,Southeast Asia
3.9,428.9,Subadult,Female,Venezuela,Flooded Savannas,Critically Endangered,South America
4.37,601.3,Adult,Male,Uganda,Lakes,Least Concern,East Africa
1.25,102.9,Juvenile,Male,Venezuela,Flooded Savannas,Critically Endangered,South America
2.39,98.6,Adult,Female,Papua New Guinea,Lakes,Least Concern,Oceania
0.46,36.7,Hatchling,Female,Cuba,Swamps,Critically Endangered,Caribbean
4.99,779.4,Subadult,Male,Australia,Mangroves,Least Concern,Oceania
2.32,102.4,Subadult,Male,Chad,Lakes,Least Concern,Central Africa
4.31,514.4,Subadult,Female,Philippines,Estuaries,Least Concern,Southeast Asia
2.97,168.8,Subadult,Female,Mexico,Estuaries,Vulnerable,North America
2.78,121.0,Subadult,Female,Iran (historic),Rivers,Vulnerable,Western Asia
1.16,25.5,Juvenile,Male,Philippines,Freshwater Marshes,Critically Endangered,Southeast Asia
2.63,97.4,Adult,Female,Australia,Billabongs,Least Concern,Oceania
3.57,217.9,Subadult,Male,Sri Lanka,Marshes,Vulnerable,South Asia
2.08,66.9,Subadult,Female,Philippines,Rivers,Critically Endangered,Southeast Asia
2.6,101.0,Adult,Male,Indonesia (Borneo),Rivers,Data Deficient,Southeast Asia
1.24,38.1,Juvenile,Female,Indonesia (Papua),Rivers,Least Concern,Southeast Asia
0.37,78.9,Hatchling,Female,Cuba,Estuaries,Vulnerable,Caribbean
0.97,11.3,Subadult,Male,Sierra Leone,Small Streams,Vulnerable,West Africa
1.95,80.8,Subadult,Female,Gabon,Forest Rivers,Endangered,Central Africa
2.85,122.1,Subadult,Male,Indonesia (Papua),Swamps,Least Concern,Southeast Asia
1.67,49.8,Juvenile,Male,Indonesia (Borneo),Estuarine Systems,Data Deficient,Southeast Asia
2.34,65.2,Subadult,Female,Australia,Gorges,Least Concern,Oceania
2.94,122.6,Adult,Male,Malaysia (Borneo),Estuarine Systems,Data Deficient,Southeast Asia
2.31,79.3,Adult,Female,Philippines,Freshwater Marshes,Critically Endangered,Southeast Asia
3.61,210.9,Adult,Male,Sri Lanka,Reservoirs,Vulnerable,South Asia
1.42,25.3,Adult,Female,Congo (DRC),Forest Swamps,Data Deficient,Central Africa
1.68,36.8,Juvenile,Male,Australia,Freshwater Rivers,Least Concern,Oceania
2.3,78.4,Adult,Female,Philippines,Rivers,Critically Endangered,Southeast Asia
3.09,145.8,Subadult,Female,Iran (historic),Reservoirs,Vulnerable,Western Asia
2.6,130.0,Subadult,Male,Colombia,Estuaries,Vulnerable,South America
3.66,351.5,Subadult,Female,Venezuela,Large Rivers,Critically Endangered,South America
4.69,738.4,Adult,Male,Tanzania,Reservoirs,Least Concern,East Africa
2.29,84.4,Adult,Female,Philippines,Freshwater Marshes,Critically Endangered,Southeast Asia
1.95,67.5,Subadult,Female,Papua New Guinea,Lakes,Least Concern,Oceania
4.44,509.4,Subadult,Female,India,Estuaries,Least Concern,South Asia
1.62,38.9,Adult,Female,Philippines,Rivers,Critically Endangered,Southeast Asia
2.0,60.9,Adult,Female,Philippines,Freshwater Marshes,Critically Endangered,Southeast Asia
2.04,75.6,Juvenile,Female,Mali,Lakes,Least Concern,West Africa
2.82,117.4,Adult,Female,Cuba,Freshwater Wetlands,Critically Endangered,Caribbean
2.23,87.7,Subadult,Male,Philippines,Rivers,Critically Endangered,Southeast Asia
3.71,275.8,Subadult,Male,Colombia,Mangroves,Vulnerable,South America
2.4,109.3,Subadult,Female,Sudan,Oases,Least Concern,East Africa
3.39,381.1,Adult,Male,Uganda,Reservoirs,Least Concern,East Africa
2.83,125.6,Adult,Female,Indonesia (Borneo),Rivers,Data Deficient,Southeast Asia
1.35,44.0,Juvenile,Female,Cuba,Swamps,Critically Endangered,Caribbean
2.08,134.5,Juvenile,Male,Venezuela,Large Rivers,Critically Endangered,South America
0.91,29.3,Juvenile,Male,Indonesia (Borneo),Estuarine Systems,Data Deficient,Southeast Asia
1.76,51.2,Adult,Female,Belize,Rivers,Least Concern,Central America
2.68,118.3,Subadult,Female,Malaysia (Borneo),Rivers,Data Deficient,Southeast Asia
1.33,55.6,Juvenile,Female,Côte d'Ivoire,Shaded Forest Rivers,Critically Endangered,Other
2.56,95.7,Subadult,Male,Papua New Guinea,Swamps,Least Concern,Oceania
2.68,134.5,Adult,Male,Cameroon,Swamps,Endangered,Central Africa
2.13,60.4,Adult,Male,Australia,Gorges,Least Concern,Oceania
2.88,141.9,Adult,Male,Belize,Lagoons,Least Concern,Central America
2.16,73.6,Subadult,Male,Guatemala,Rivers,Least Concern,Central America
1.18,40.5,Juvenile,Male,Mali,Oases,Least Concern,West Africa
3.38,203.8,Adult,Female,Cuba,Freshwater Wetlands,Critically Endangered,Caribbean
3.42,223.3,Adult,Female,Iran (historic),Reservoirs,Vulnerable,Western Asia
1.29,15.6,Adult,Female,Cameroon,Forest Swamps,Vulnerable,Central Africa
1.28,298.1,Juvenile,Female,Papua New Guinea,Tidal Rivers,Least Concern,Oceania
2.42,111.8,Adult,Male,Niger,Oases,Least Concern,West Africa
0.8,24.0,Juvenile,Male,Australia,Billabongs,Least Concern,Oceania
2.42,107.5,Subadult,Male,Cuba,Swamps,Critically Endangered,Caribbean
1.74,63.9,Juvenile,Female,Mali,Lakes,Least Concern,West Africa
1.49,55.6,Juvenile,Female,Cambodia,Oxbow Lakes,Critically Endangered,Southeast Asia
1.97,77.9,Juvenile,Male,Senegal,Rivers,Least Concern,West Africa
1.52,29.1,Adult,Male,Congo (DRC),Forest Swamps,Data Deficient,Central Africa
2.68,202.8,Adult,Male,Colombia,Large Rivers,Critically Endangered,South America
0.26,34.1,Hatchling,Female,Belize,Lagoons,Least Concern,Central America
2.53,140.1,Adult,Male,Nigeria,Shaded Forest Rivers,Critically Endangered,West Africa
3.46,208.3,Subadult,Female,Nepal,Marshes,Vulnerable,South Asia
1.58,48.3,Juvenile,Male,Senegal,Rivers,Least Concern,West Africa
0.23,4.4,Hatchling,Male,Guinea,Small Streams,Vulnerable,West Africa
0.71,30.5,Juvenile,Male,Papua New Guinea,Lakes,Least Concern,Oceania
1.24,15.1,Adult,Female,Liberia,Forest Swamps,Vulnerable,West Africa
4.02,441.0,Adult,Female,Colombia,Flooded Savannas,Critically Endangered,South America
2.06,74.5,Adult,Male,Laos,Oxbow Lakes,Critically Endangered,Southeast Asia
3.25,174.0,Adult,Male,Indonesia (Borneo),Estuarine Systems,Data Deficient,Southeast Asia
3.38,161.3,Adult,Male,Indonesia (Papua),Rivers,Least Concern,Southeast Asia
4.29,647.7,Adult,Female,South Africa,Rivers,Least Concern,Southern Africa
4.18,571.8,Adult,Male,Nigeria,Rivers,Least Concern,West Africa
3.98,357.4,Adult,Female,Venezuela,Flooded Savannas,Critically Endangered,South America
2.56,130.6,Adult,Male,Niger,Lakes,Least Concern,West Africa
2.29,88.8,Adult,Male,Cambodia,Swamps,Critically Endangered,Southeast Asia
5.05,624.1,Adult,Male,Indonesia,Estuaries,Least Concern,Southeast Asia
2.39,94.9,Subadult,Male,Malaysia (Borneo),Estuarine Systems,Data Deficient,Southeast Asia
2.58,91.1,Subadult,Male,Papua New Guinea,Freshwater Wetlands,Least Concern,Oceania
4.51,642.3,Adult,Female,Australia,Coastal Wetlands,Least Concern,Oceania
1.38,22.7,Subadult,Female,Congo (DRC),Forest Swamps,Data Deficient,Central Africa
2.95,147.2,Subadult,Female,Cuba,Swamps,Critically Endangered,Caribbean
4.18,311.2,Adult,Female,Cuba,Brackish Rivers,Vulnerable,Caribbean
2.51,103.1,Adult,Female,Congo Basin Countries,Forest Rivers,Endangered,Central Africa
1.05,35.0,Juvenile,Female,Guatemala,Swamps,Least Concern,Central America
0.17,26.0,Hatchling,Female,Mexico,Rivers,Least Concern,North America
0.43,33.8,Hatchling,Female,Laos,Oxbow Lakes,Critically Endangered,Southeast Asia
2.53,80.7,Adult,Female,Papua New Guinea,Freshwater Wetlands,Least Concern,Oceania
2.58,115.4,Adult,Male,Sierra Leone,Swamps,Critically Endangered,West Africa
2.59,107.9,Subadult,Female,Vietnam,Swamps,Critically Endangered,Southeast Asia
1.29,14.1,Adult,Male,Côte d'Ivoire,Small Streams,Vulnerable,Other
0.43,5.0,Juvenile,Male,Ghana,Small Streams,Vulnerable,West Africa
0.69,6.4,Juvenile,Female,Liberia,Forest Swamps,Vulnerable,West Africa
4.76,638.5,Subadult,Male,Philippines,Tidal Rivers,Least Concern,Southeast Asia
0.53,34.2,Hatchling,Male,Malaysia (Borneo),Estuarine Systems,Data Deficient,Southeast Asia
1.3,30.7,Juvenile,Female,Philippines,Freshwater Marshes,Critically Endangered,Southeast Asia
4.35,472.1,Adult,Female,Venezuela,Large Rivers,Critically Endangered,South America
2.24,97.0,Juvenile,Male,Colombia,Coastal Lagoons,Vulnerable,South America
2.46,198.5,Juvenile,Male,Kenya,Marshes,Least Concern,East Africa
1.68,45.9,Subadult,Female,Philippines,Freshwater Marshes,Critically Endangered,Southeast Asia
2.89,134.6,Subadult,Female,Guatemala,Swamps,Least Concern,Central America
0.34,98.1,Hatchling,Female,Venezuela,Flooded Savannas,Critically Endangered,South America
2.36,69.6,Adult,Male,Australia,Freshwater Rivers,Least Concern,Oceania
1.3,42.3,Juvenile,Male,Indonesia (Papua),Lakes,Least Concern,Southeast Asia
2.64,131.0,Adult,Male,Senegal,Rivers,Least Concern,West Africa
1.92,62.6,Juvenile,Male,Indonesia (Borneo),Rivers,Data Deficient,Southeast Asia
2.47,99.3,Adult,Male,Papua New Guinea,Rivers,Least Concern,Oceania
0.81,24.1,Juvenile,Male,Australia,Billabongs,Least Concern,Oceania
2.67,125.1,Adult,Male,Malaysia (Borneo),Rivers,Data Deficient,Southeast Asia
2.9,158.9,Adult,Female,Pakistan,Reservoirs,Vulnerable,South Asia
3.59,338.5,Adult,Female,South Africa,Marshes,Least Concern,Southern Africa
2.72,103.5,Adult,Male,Australia,Billabongs,Least Concern,Oceania
3.91,280.9,Adult,Female,Pakistan,Rivers,Vulnerable,South Asia
3.49,192.0,Adult,Male,Papua New Guinea,Freshwater Wetlands,Least Concern,Oceania
1.7,51.7,Adult,Male,Belize,Swamps,Least Concern,Central America
1.6,56.3,Juvenile,Male,Congo Basin Countries,Forest Rivers,Endangered,Central Africa
3.79,259.1,Adult,Male,Indonesia (Borneo),Rivers,Data Deficient,Southeast Asia
2.63,140.2,Juvenile,Female,USA (Florida),Mangroves,Vulnerable,North America
1.53,47.6,Juvenile,Male,Cuba,Freshwater Wetlands,Critically Endangered,Caribbean
2.4,84.3,Subadult,Female,Cuba,Swamps,Critically Endangered,Caribbean
3.09,146.1,Subadult,Male,Papua New Guinea,Freshwater Wetlands,Least Concern,Oceania
2.26,68.5,Subadult,Female,Australia,Gorges,Least Concern,Oceania
4.03,292.8,Adult,Male,Pakistan,Marshes,Vulnerable,South Asia
3.41,198.2,Adult,Female,Papua New Guinea,Rivers,Least Concern,Oceania
2.5,106.7,Subadult,Male,Papua New Guinea,Swamps,Least Concern,Oceania
0.73,34.8,Juvenile,Female,Niger,Oases,Least Concern,West Africa
2.76,167.6,Subadult,Male,Mexico,Coastal Lagoons,Vulnerable,North America
2.48,100.5,Adult,Female,Indonesia (Papua),Lakes,Least Concern,Southeast Asia
1.52,44.6,Adult,Male,Philippines,Freshwater Marshes,Critically Endangered,Southeast Asia
2.44,121.4,Adult,Male,Côte d'Ivoire,Shaded Forest Rivers,Critically Endangered,Other
0.7,20.0,Juvenile,Male,Philippines,Rivers,Critically Endangered,Southeast Asia
4.39,578.9,Subadult,Female,Uganda,Reservoirs,Least Concern,East Africa
2.49,97.9,Adult,Female,Papua New Guinea,Freshwater Wetlands,Least Concern,Oceania
2.76,115.5,Adult,Female,Belize,Swamps,Least Concern,Central America
2.43,107.8,Adult,Female,Nigeria,Swamps,Critically Endangered,West Africa
3.42,167.1,Adult,Female,Papua New Guinea,Freshwater Wetlands,Least Concern,Oceania
4.21,527.9,Adult,Female,Philippines,Coastal Wetlands,Least Concern,Southeast Asia
3.01,179.1,Adult,Male,Niger,Oases,Least Concern,West Africa
3.11,180.2,Subadult,Female,Malaysia (Borneo),Rivers,Data Deficient,Southeast Asia
4.33,418.1,Adult,Female,Cuba,Estuaries,Vulnerable,Caribbean
1.78,53.9,Adult,Female,Philippines,Ponds,Critically Endangered,Southeast Asia
0.65,34.5,Juvenile,Male,Mexico,Rivers,Least Concern,North America
3.29,200.2,Subadult,Male,Indonesia (Borneo),Rivers,Data Deficient,Southeast Asia
2.43,95.5,Adult,Male,Mexico,Lagoons,Least Concern,North America
1.45,19.0,Adult,Male,Liberia,Small Streams,Vulnerable,West Africa
3.57,238.3,Adult,Female,Cuba,Mangroves,Vulnerable,Caribbean
2.32,86.5,Adult,Female,Philippines,Ponds,Critically Endangered,Southeast Asia
3.17,164.0,Adult,Female,Indonesia (Borneo),Estuarine Systems,Data Deficient,Southeast Asia
3.8,535.1,Subadult,Female,India,Tidal Rivers,Least Concern,South Asia
3.64,211.9,Adult,Female,Cuba,Brackish Rivers,Vulnerable,Caribbean
3.3,214.5,Subadult,Male,Iran (historic),Marshes,Vulnerable,Western Asia
2.56,101.3,Subadult,Male,Papua New Guinea,Swamps,Least Concern,Oceania
2.86,296.2,Juvenile,Female,Sudan,Marshes,Least Concern,East Africa
3.62,280.0,Subadult,Male,Costa Rica,Coastal Lagoons,Vulnerable,Central America
2.5,109.2,Juvenile,Female,India,Reservoirs,Vulnerable,South Asia
2.66,120.3,Subadult,Male,Mexico,Swamps,Least Concern,North America
2.96,139.6,Adult,Female,Cuba,Swamps,Critically Endangered,Caribbean
1.99,91.7,Juvenile,Male,India,Marshes,Vulnerable,South Asia
1.61,43.5,Adult,Female,Philippines,Ponds,Critically Endangered,Southeast Asia
1.22,41.4,Juvenile,Female,Cuba,Freshwater Wetlands,Critically Endangered,Caribbean
0.53,40.3,Hatchling,Female,Ghana,Shaded Forest Rivers,Critically Endangered,West Africa
2.26,78.7,Subadult,Female,Malaysia (Borneo),Rivers,Data Deficient,Southeast Asia
3.9,413.2,Adult,Male,Venezuela,Large Rivers,Critically Endangered,South America
2.34,90.2,Subadult,Female,Vietnam,Slow Rivers,Critically Endangered,Southeast Asia
1.8,44.7,Adult,Male,Philippines,Ponds,Critically Endangered,Southeast Asia
3.26,184.9,Adult,Female,Pakistan,Reservoirs,Vulnerable,South Asia
0.8,102.1,Hatchling,Male,Venezuela,Flooded Savannas,Critically Endangered,South America
1.31,17.0,Adult,Female,Côte d'Ivoire,Forest Swamps,Vulnerable,Other
2.18,71.2,Adult,Male,Australia,Freshwater Rivers,Least Concern,Oceania
3.49,233.2,Adult,Female,India,Rivers,Vulnerable,South Asia
2.64,117.3,Subadult,Female,Belize,Rivers,Least Concern,Central America
2.27,87.5,Subadult,Female,Philippines,Rivers,Critically Endangered,Southeast Asia
1.99,75.9,Subadult,Female,Sierra Leone,Swamps,Critically Endangered,West Africa
3.58,498.9,Juvenile,Male,Philippines,Mangroves,Least Concern,Southeast Asia
0.6,29.0,Hatchling,Female,Vietnam,Swamps,Critically Endangered,Southeast Asia
2.96,132.0,Adult,Male,Guatemala,Swamps,Least Concern,Central America
2.12,83.9,Subadult,Female,Cuba,Swamps,Critically Endangered,Caribbean
1.32,14.6,Adult,Female,Sierra Leone,Small Streams,Vulnerable,West Africa
1.04,9.5,Adult,Male,Cameroon,Forest Swamps,Vulnerable,Central Africa
0.98,9.4,Subadult,Female,Liberia,Forest Swamps,Vulnerable,West Africa
1.06,10.4,Adult,Male,Cameroon,Small Streams,Vulnerable,Central Africa
3.0,190.5,Adult,Male,Cameroon,Swamps,Endangered,Central Africa
1.49,25.2,Adult,Male,Ghana,Small Streams,Vulnerable,West Africa
1.52,43.4,Juvenile,Male,Malaysia (Borneo),Estuarine Systems,Data Deficient,Southeast Asia
2.05,74.1,Subadult,Female,Mali,Oases,Least Concern,West Africa
4.33,517.9,Adult,Male,Indonesia,Coastal Wetlands,Least Concern,Southeast Asia
2.94,164.0,Adult,Male,USA (Florida),Mangroves,Vulnerable,North America
3.18,215.0,Adult,Male,Cuba,Mangroves,Vulnerable,Caribbean
2.17,91.9,Subadult,Male,Mauritania,Rivers,Least Concern,West Africa
3.35,197.9,Adult,Male,Niger,Oases,Least Concern,West Africa
1.41,113.1,Juvenile,Female,Venezuela,Large Rivers,Critically Endangered,South America
1.26,16.9,Adult,Female,Côte d'Ivoire,Forest Swamps,Vulnerable,Other
2.63,193.2,Juvenile,Female,Venezuela,Large Rivers,Critically Endangered,South America
1.55,40.9,Juvenile,Male,Indonesia (Borneo),Rivers,Data Deficient,Southeast Asia
2.76,129.6,Adult,Male,Laos,Swamps,Critically Endangered,Southeast Asia
0.17,4.7,Hatchling,Female,Congo (DRC),Forest Swamps,Data Deficient,Central Africa
1.71,38.4,Adult,Female,Congo (DRC),Slow Streams,Data Deficient,Central Africa
2.25,69.6,Subadult,Male,Malaysia (Borneo),Estuarine Systems,Data Deficient,Southeast Asia
2.71,87.4,Adult,Male,Australia,Gorges,Least Concern,Oceania
1.41,23.6,Adult,Male,Congo (DRC),Slow Streams,Data Deficient,Central Africa
2.09,73.8,Subadult,Female,Philippines,Freshwater Marshes,Critically Endangered,Southeast Asia
4.76,660.4,Subadult,Male,Australia,Estuaries,Least Concern,Oceania
1.15,14.0,Subadult,Male,Congo (DRC),Slow Streams,Data Deficient,Central Africa
1.06,11.5,Juvenile,Male,Congo (DRC),Forest Swamps,Data Deficient,Central Africa
0.56,38.0,Hatchling,Female,Cuba,Freshwater Wetlands,Critically Endangered,Caribbean
1.98,69.6,Adult,Female,Laos,Slow Rivers,Critically Endangered,Southeast Asia
2.9,104.1,Adult,Male,Papua New Guinea,Freshwater Wetlands,Least Concern,Oceania
1.3,19.0,Subadult,Male,Congo (DRC),Slow Streams,Data Deficient,Central Africa
3.01,164.6,Subadult,Female,Nepal,Lakes,Vulnerable,South Asia
2.07,65.5,Subadult,Female,Australia,Billabongs,Least Concern,Oceania
3.45,201.3,Adult,Female,Colombia,Estuaries,Vulnerable,South America
4.16,389.4,Adult,Female,Colombia,Large Rivers,Critically Endangered,South America
2.69,135.6,Adult,Female,India,Rivers,Vulnerable,South Asia
2.79,115.1,Subadult,Female,Belize,Swamps,Least Concern,Central America
0.38,28.4,Hatchling,Male,Papua New Guinea,Lakes,Least Concern,Oceania
1.86,49.2,Juvenile,Male,Indonesia (Papua),Rivers,Least Concern,Southeast Asia
4.18,349.6,Adult,Female,Mexico,Coastal Lagoons,Vulnerable,North America
1.34,20.1,Subadult,Male,Liberia,Forest Swamps,Vulnerable,West Africa
3.07,183.9,Adult,Female,Ghana,Shaded Forest Rivers,Critically Endangered,West Africa
2.98,152.6,Adult,Male,Malaysia (Borneo),Estuarine Systems,Data Deficient,Southeast Asia
1.81,61.7,Adult,Male,Mexico,Rivers,Least Concern,North America
0.14,4.4,Hatchling,Female,Central African Republic,Slow Streams,Data Deficient,Central Africa
2.12,79.5,Adult,Male,Cuba,Swamps,Critically Endangered,Caribbean
3.23,185.8,Adult,Male,Indonesia (Borneo),Rivers,Data Deficient,Southeast Asia
2.97,117.6,Subadult,Female,Papua New Guinea,Rivers,Least Concern,Oceania
2.45,84.4,Adult,Female,Indonesia (Papua),Swamps,Least Concern,Southeast Asia
2.56,87.0,Subadult,Male,Belize,Swamps,Least Concern,Central America
2.33,73.5,Adult,Male,Philippines,Freshwater Marshes,Critically Endangered,Southeast Asia
4.14,515.7,Adult,Female,Sudan,Rivers,Least Concern,East Africa
3.48,220.9,Adult,Male,Indonesia (Borneo),Rivers,Data Deficient,Southeast Asia
3.57,353.0,Adult,Female,Venezuela,Flooded Savannas,Critically Endangered,South America
1.14,11.1,Adult,Male,Sierra Leone,Small Streams,Vulnerable,West Africa
1.48,42.6,Juvenile,Male,Philippines,Freshwater Marshes,Critically Endangered,Southeast Asia
1.51,84.7,Juvenile,Male,Costa Rica,Estuaries,Vulnerable,Central America
1.87,73.6,Juvenile,Female,Gabon,Swamps,Endangered,Central Africa
2.65,118.4,Adult,Female,Malaysia (Borneo),Estuarine Systems,Data Deficient,Southeast Asia
3.38,310.1,Adult,Female,Tanzania,Reservoirs,Least Concern,East Africa
3.22,187.6,Adult,Male,Côte d'Ivoire,Swamps,Critically Endangered,Other
2.02,162.7,Juvenile,Male,Colombia,Large Rivers,Critically Endangered,South America
0.95,33.9,Juvenile,Male,Papua New Guinea,Freshwater Wetlands,Least Concern,Oceania
2.35,84.2,Adult,Female,Papua New Guinea,Swamps,Least Concern,Oceania
4.22,482.8,Adult,Male,Uganda,Marshes,Least Concern,East Africa
2.71,124.6,Adult,Male,Cuba,Coastal Lagoons,Vulnerable,Caribbean
1.86,47.5,Subadult,Male,Philippines,Rivers,Critically Endangered,Southeast Asia
2.38,100.9,Adult,Male,Indonesia (Borneo),Estuarine Systems,Data Deficient,Southeast Asia
3.24,133.7,Adult,Female,Papua New Guinea,Freshwater Wetlands,Least Concern,Oceania
2.88,115.5,Adult,Male,Papua New Guinea,Lakes,Least Concern,Oceania
2.52,123.3,Adult,Male,Congo Basin Countries,Swamps,Endangered,Central Africa
2.52,108.4,Adult,Female,Vietnam,Oxbow Lakes,Critically Endangered,Southeast Asia
2.46,112.5,Juvenile,Female,Cuba,Brackish Rivers,Vulnerable,Caribbean
1.55,29.5,Adult,Female,Central African Republic,Slow Streams,Data Deficient,Central Africa
2.16,76.4,Adult,Female,Cuba,Swamps,Critically Endangered,Caribbean
2.95,216.9,Juvenile,Male,Venezuela,Flooded Savannas,Critically Endangered,South America
1.52,50.9,Juvenile,Female,Belize,Lagoons,Least Concern,Central America
0.94,35.8,Juvenile,Female,Papua New Guinea,Freshwater Wetlands,Least Concern,Oceania
1.35,19.8,Subadult,Male,Côte d'Ivoire,Forest Swamps,Vulnerable,Other
3.02,283.5,Juvenile,Male,Nigeria,Reservoirs,Least Concern,West Africa
2.22,83.9,Subadult,Male,Congo Basin Countries,Forest Rivers,Endangered,Central Africa
3.98,445.1,Adult,Female,Colombia,Flooded Savannas,Critically Endangered,South America
4.48,604.8,Adult,Male,Tanzania,Lakes,Least Concern,East Africa
1.69,51.5,Subadult,Female,Philippines,Ponds,Critically Endangered,Southeast Asia
2.25,79.1,Adult,Male,Congo Basin Countries,Swamps,Endangered,Central Africa
2.35,105.8,Subadult,Male,Cameroon,Forest Rivers,Endangered,Central Africa
3.16,155.2,Adult,Male,Indonesia (Borneo),Estuarine Systems,Data Deficient,Southeast Asia
4.81,636.5,Adult,Male,Colombia,Large Rivers,Critically Endangered,South America
1.94,51.7,Subadult,Female,Philippines,Ponds,Critically Endangered,Southeast Asia
2.8,157.6,Adult,Male,Mexico,Estuaries,Vulnerable,North America
2.48,122.3,Adult,Male,Nigeria,Shaded Forest Rivers,Critically Endangered,West Africa
5.2,751.3,Adult,Female,India,Mangroves,Least Concern,South Asia
2.86,145.6,Adult,Female,Thailand,Slow Rivers,Critically Endangered,Southeast Asia
2.48,108.1,Adult,Male,Cuba,Freshwater Wetlands,Critically Endangered,Caribbean
1.68,40.4,Adult,Female,Philippines,Ponds,Critically Endangered,Southeast Asia
1.98,58.9,Juvenile,Female,Papua New Guinea,Lakes,Least Concern,Oceania
2.62,120.6,Adult,Female,Côte d'Ivoire,Swamps,Critically Endangered,Other
5.48,918.4,Adult,Female,Australia,Mangroves,Least Concern,Oceania
3.9,427.3,Subadult,Female,Venezuela,Flooded Savannas,Critically Endangered,South America
2.69,102.7,Subadult,Female,Cuba,Freshwater Wetlands,Critically Endangered,Caribbean
3.26,307.4,Adult,Female,Venezuela,Large Rivers,Critically Endangered,South America
2.56,97.8,Adult,Female,Cuba,Freshwater Wetlands,Critically Endangered,Caribbean
1.1,37.7,Juvenile,Male,Congo Basin Countries,Swamps,Endangered,Central Africa
3.07,157.5,Adult,Female,Nepal,Reservoirs,Vulnerable,South Asia
2.01,78.2,Adult,Female,Cameroon,Swamps,Endangered,Central Africa
2.69,132.0,Adult,Female,Mali,Lakes,Least Concern,West Africa
2.98,178.7,Adult,Female,Thailand,Swamps,Critically Endangered,Southeast Asia
2.05,77.0,Adult,Female,Mali,Lakes,Least Concern,West Africa
4.23,524.7,Subadult,Male,Indonesia,Mangroves,Least Concern,Southeast Asia
3.03,118.1,Adult,Female,Papua New Guinea,Freshwater Wetlands,Least Concern,Oceania
3.09,187.3,Subadult,Female,Venezuela,Brackish Rivers,Vulnerable,South America
1.81,99.8,Juvenile,Female,USA (Florida),Mangroves,Vulnerable,North America
2.26,102.4,Adult,Female,Mauritania,Oases,Least Concern,West Africa
2.06,49.3,Adult,Male,Australia,Billabongs,Least Concern,Oceania
0.27,32.7,Hatchling,Female,Laos,Swamps,Critically Endangered,Southeast Asia
2.21,77.3,Adult,Male,Indonesia (Papua),Rivers,Least Concern,Southeast Asia
2.74,107.4,Adult,Male,Indonesia (Papua),Lakes,Least Concern,Southeast Asia
4.79,718.2,Adult,Female,Venezuela,Large Rivers,Critically Endangered,South America
2.74,96.4,Adult,Female,Papua New Guinea,Rivers,Least Concern,Oceania
2.54,78.2,Adult,Male,Australia,Freshwater Rivers,Least Concern,Oceania
2.35,89.8,Subadult,Female,Guatemala,Rivers,Least Concern,Central America
2.83,119.8,Adult,Male,Papua New Guinea,Rivers,Least Concern,Oceania
0.61,44.6,Hatchling,Female,Nigeria,Shaded Forest Rivers,Critically Endangered,West Africa
3.6,263.2,Adult,Female,Indonesia (Borneo),Estuarine Systems,Data Deficient,Southeast Asia
4.54,593.9,Adult,Female,Venezuela,Large Rivers,Critically Endangered,South America
0.8,27.7,Juvenile,Female,Papua New Guinea,Freshwater Wetlands,Least Concern,Oceania
3.72,225.8,Subadult,Female,India,Lakes,Vulnerable,South Asia
2.02,70.2,Juvenile,Female,Indonesia (Borneo),Estuarine Systems,Data Deficient,Southeast Asia
4.1,514.5,Adult,Female,Malaysia,Coastal Wetlands,Least Concern,Southeast Asia
1.76,57.8,Adult,Female,Guatemala,Rivers,Least Concern,Central America
1.22,54.4,Juvenile,Female,Pakistan,Reservoirs,Vulnerable,South Asia
4.84,639.9,Adult,Male,Malaysia,Tidal Rivers,Least Concern,Southeast Asia
1.89,77.0,Juvenile,Male,Guinea,Swamps,Critically Endangered,West Africa
1.01,11.6,Subadult,Female,Liberia,Small Streams,Vulnerable,West Africa
4.16,404.5,Adult,Female,Venezuela,Large Rivers,Critically Endangered,South America
2.08,86.9,Adult,Male,Cameroon,Forest Rivers,Endangered,Central Africa
5.13,765.1,Adult,Male,Australia,Estuaries,Least Concern,Oceania
0.8,7.7,Juvenile,Male,Liberia,Small Streams,Vulnerable,West Africa
2.34,79.4,Adult,Female,Philippines,Ponds,Critically Endangered,Southeast Asia
2.75,117.5,Adult,Female,Papua New Guinea,Rivers,Least Concern,Oceania
2.6,105.9,Adult,Male,Belize,Lagoons,Least Concern,Central America
2.27,88.4,Subadult,Female,Congo Basin Countries,Swamps,Endangered,Central Africa
2.9,126.3,Subadult,Male,Guatemala,Swamps,Least Concern,Central America
2.47,86.4,Adult,Female,Mexico,Rivers,Least Concern,North America
1.89,49.8,Adult,Female,Philippines,Ponds,Critically Endangered,Southeast Asia
3.01,155.1,Subadult,Female,Pakistan,Reservoirs,Vulnerable,South Asia
2.76,137.8,Subadult,Male,Sierra Leone,Shaded Forest Rivers,Critically Endangered,West Africa
2.53,120.8,Adult,Male,Nigeria,Swamps,Critically Endangered,West Africa
2.97,174.6,Subadult,Male,Sri Lanka,Lakes,Vulnerable,South Asia
2.59,108.0,Subadult,Female,Malaysia (Borneo),Rivers,Data Deficient,Southeast Asia
3.74,252.0,Adult,Female,Cuba,Estuaries,Vulnerable,Caribbean
2.79,138.1,Adult,Male,Guinea,Swamps,Critically Endangered,West Africa
2.99,192.7,Adult,Female,Sudan,Lakes,Least Concern,East Africa
2.81,130.0,Adult,Female,Papua New Guinea,Rivers,Least Concern,Oceania
2.27,79.3,Adult,Male,Philippines,Freshwater Marshes,Critically Endangered,Southeast Asia
2.23,78.8,Subadult,Female,Papua New Guinea,Lakes,Least Concern,Oceania
2.46,96.9,Adult,Male,Malaysia (Borneo),Rivers,Data Deficient,Southeast Asia
3.14,173.0,Adult,Male,Cuba,Swamps,Critically Endangered,Caribbean
3.97,269.9,Adult,Female,Sri Lanka,Marshes,Vulnerable,South Asia
2.6,111.8,Adult,Male,Mali,Rivers,Least Concern,West Africa
1.3,17.0,Adult,Female,Sierra Leone,Forest Swamps,Vulnerable,West Africa
1.46,18.0,Adult,Female,Guinea,Small Streams,Vulnerable,West Africa
2.4,72.3,Adult,Female,Australia,Freshwater Rivers,Least Concern,Oceania
3.43,317.9,Adult,Female,Tanzania,Marshes,Least Concern,East Africa
3.61,364.2,Adult,Female,Venezuela,Large Rivers,Critically Endangered,South America
0.19,25.8,Hatchling,Female,Congo Basin Countries,Forest Rivers,Endangered,Central Africa
4.01,509.2,Subadult,Male,Papua New Guinea,Coastal Wetlands,Least Concern,Oceania
1.28,20.5,Subadult,Female,Congo (DRC),Slow Streams,Data Deficient,Central Africa
1.98,56.1,Subadult,Female,Philippines,Rivers,Critically Endangered,Southeast Asia
1.01,11.3,Subadult,Male,Côte d'Ivoire,Forest Swamps,Vulnerable,Other
2.75,204.8,Adult,Male,Colombia,Flooded Savannas,Critically Endangered,South America
3.21,219.8,Adult,Female,Sierra Leone,Swamps,Critically Endangered,West Africa
2.51,111.5,Subadult,Male,Cameroon,Forest Rivers,Endangered,Central Africa
3.06,185.2,Adult,Male,Côte d'Ivoire,Shaded Forest Rivers,Critically Endangered,Other
0.47,51.1,Hatchling,Male,Sri Lanka,Reservoirs,Vulnerable,South Asia
0.6,35.4,Juvenile,Female,Belize,Lagoons,Least Concern,Central America
2.69,125.3,Adult,Female,Cameroon,Forest Rivers,Endangered,Central Africa
1.79,65.6,Juvenile,Female,Cuba,Freshwater Wetlands,Critically Endangered,Caribbean
3.67,269.8,Adult,Male,Cuba,Brackish Rivers,Vulnerable,Caribbean
2.69,131.4,Adult,Female,Cambodia,Oxbow Lakes,Critically Endangered,Southeast Asia
2.28,83.1,Adult,Male,Cuba,Swamps,Critically Endangered,Caribbean
3.02,179.1,Adult,Female,Congo Basin Countries,Swamps,Endangered,Central Africa
2.18,81.8,Adult,Male,Malaysia (Borneo),Estuarine Systems,Data Deficient,Southeast Asia
1.93,61.7,Juvenile,Male,Papua New Guinea,Rivers,Least Concern,Oceania
3.1,143.3,Adult,Female,Belize,Lagoons,Least Concern,Central America
3.01,141.4,Subadult,Female,Papua New Guinea,Freshwater Wetlands,Least Concern,Oceania
4.5,598.5,Subadult,Male,Tanzania,Lakes,Least Concern,East Africa
1.48,63.6,Juvenile,Female,Nigeria,Swamps,Critically Endangered,West Africa
4.5,581.0,Adult,Male,Colombia,Large Rivers,Critically Endangered,South America
2.9,146.4,Adult,Female,Chad,Lakes,Least Concern,Central Africa
3.38,310.3,Adult,Male,Venezuela,Flooded Savannas,Critically Endangered,South America
2.17,78.2,Subadult,Female,Philippines,Rivers,Critically Endangered,Southeast Asia
1.93,76.0,Juvenile,Male,Guinea,Swamps,Critically Endangered,West Africa
4.68,661.7,Adult,Female,Tanzania,Marshes,Least Concern,East Africa
3.02,133.1,Adult,Female,Indonesia (Borneo),Rivers,Data Deficient,Southeast Asia
2.65,146.7,Adult,Male,Gabon,Forest Rivers,Endangered,Central Africa
2.84,138.2,Subadult,Female,Guinea,Swamps,Critically Endangered,West Africa
2.07,202.3,Juvenile,Male,Tanzania,Lakes,Least Concern,East Africa
2.37,76.0,Adult,Female,Malaysia (Borneo),Rivers,Data Deficient,Southeast Asia
3.25,204.5,Adult,Male,Cuba,Coastal Lagoons,Vulnerable,Caribbean
2.41,92.5,Adult,Female,Belize,Swamps,Least Concern,Central America
1.73,117.2,Juvenile,Female,Venezuela,Flooded Savannas,Critically Endangered,South America
2.1,78.2,Subadult,Male,Mexico,Rivers,Least Concern,North America
1.32,27.3,Juvenile,Male,Australia,Gorges,Least Concern,Oceania
1.99,52.1,Juvenile,Male,Papua New Guinea,Rivers,Least Concern,Oceania
2.3,80.3,Adult,Male,Belize,Rivers,Least Concern,Central America
2.76,121.2,Subadult,Male,Chad,Oases,Least Concern,Central Africa
1.01,11.3,Adult,Female,Sierra Leone,Small Streams,Vulnerable,West Africa
2.14,57.7,Adult,Female,Australia,Gorges,Least Concern,Oceania
2.04,69.0,Adult,Male,Philippines,Freshwater Marshes,Critically Endangered,Southeast Asia
0.6,6.8,Juvenile,Male,Central African Republic,Forest Swamps,Data Deficient,Central Africa
2.5,80.4,Adult,Male,Papua New Guinea,Swamps,Least Concern,Oceania
2.54,113.2,Juvenile,Male,Iran (historic),Rivers,Vulnerable,Western Asia
3.91,272.3,Adult,Male,Malaysia (Borneo),Estuarine Systems,Data Deficient,Southeast Asia
0.92,37.6,Juvenile,Male,Sudan,Lakes,Least Concern,East Africa
3.04,163.6,Adult,Female,Thailand,Slow Rivers,Critically Endangered,Southeast Asia
0.35,26.5,Hatchling,Male,Cameroon,Forest Rivers,Endangered,Central Africa
2.74,121.5,Adult,Male,Papua New Guinea,Rivers,Least Concern,Oceania
3.13,285.8,Subadult,Male,Egypt,Reservoirs,Least Concern,Northern Africa
2.26,88.5,Adult,Male,Nigeria,Shaded Forest Rivers,Critically Endangered,West Africa
0.39,4.9,Juvenile,Female,Ghana,Forest Swamps,Vulnerable,West Africa
3.4,159.5,Adult,Female,Guatemala,Rivers,Least Concern,Central America
2.55,112.3,Adult,Female,Mauritania,Lakes,Least Concern,West Africa
2.27,80.3,Subadult,Female,Papua New Guinea,Freshwater Wetlands,Least Concern,Oceania
2.34,93.5,Adult,Male,Côte d'Ivoire,Swamps,Critically Endangered,Other
2.82,147.6,Adult,Male,Sierra Leone,Shaded Forest Rivers,Critically Endangered,West Africa
1.73,47.4,Juvenile,Female,Papua New Guinea,Freshwater Wetlands,Least Concern,Oceania
